{
  "LANGUAGES": {
    "EN": "English",
    "NL": "Nederlands"
  },
  "PAGES": {
    "ABOUT": "About this project",
    "ADD_ENTITY": "Add entity",
    "ADMIN": "Admin Dashboard",
    "HOME": "Home",
    "LOGIN": "Log in",
    "MY_ACCOUNT": "My account",
    "MY_FAVORITES": "My favorites",
    "SIGNUP": "Sign up"
  },
  "COMMON": {
    "ADD": "Add",
    "APP_NAME": "Flag Archive",
    "ARCHIVES": "Archives",
    "CTA": {
      "BACK": "Back",
      "CANCEL": "Cancel",
      "CONFIRM": "Confirm",
      "NEXT": "Next"
    },
    "DISCOVER": "Discover",
    "EMAIL_ADDRESS": "Email Address",
    "FILTERS": "Filters",
    "FLAG_CATEGORIES": "Flag Categories",
    "FULL_NAME": "Full Name",
    "LAYOUT": "Layout",
    "LOGIN": "Log in",
    "LOGOUT": "Log out",
    "NAME": "Name",
    "PAGE_NOT_FOUND": "Page Not Found",
    "PASSWORD": "Password",
    "PLAY": "Play",
    "SEARCH": "Search",
    "SIGNUP": "Sign up",
    "SORTING": "Sorting",
    "SURNAME": "Surname",
    "TIMELINE": "Timeline",
    "USERNAME": "Username"
  },
  "MESSAGES": {
    "AUTH": {
      "INVALID_CREDENTIAL": "Username or password is incorrect"
    }
  },
  "FOOTER": {
    "SITEMAP": "Sitemap"
  },
  "SIGNUP": {
    "HAS_ACCOUNT": "I already have an account"
  },
  "MY_ACCOUNT": {
    "CHANGE_PASSWORD": "Change password",
    "EDIT_ACCOUNT": "Edit account"
  },
  "ADMIN": {
    "ADD_ENTITY": "Add entity"
  },
  "ADD_ENTITY": {
    "ADD": "Add entity",
    "ADD_RANGE": "Add range",
    "EDIT": "Update entity",
    "RANGE_TITLE": "Range {{ index }}"
  },
  "ADVANCED_SEARCH": {
    "FLAG_CATEGORY": {
      "CIVIL": "Civil",
      "DE_FACTO": "De facto",
      "DE_JURE": "De jure",
      "NAVAL": "Naval",
      "OFFICIAL": "Official"
    },
    "SORTING": {
      "NAME": {
        "ASC": "Name (A-Z)",
        "DESC": "Name (Z-A)"
      }
    }
  },
  "DISCOVER": {
    "CONTINENTS": "Continents",
    "HAS_PARENT": "Has parent {{ type }}",
    "ORGANIZATIONS": "Organizations",
    "PARENT": "Parent"
  },
  "FORM": {
    "CONTROLS": {
      "ALT_ID": {
        "LABEL": "Alternative ID",
        "PLACEHOLDER": "Enter alternative ID"
      },
      "EMAIL_ADDRESS": {
        "LABEL": "Email address",
        "PLACEHOLDER": "Enter email address"
      },
      "ID": {
        "LABEL": "ID",
        "PLACEHOLDER": "Enter ID"
      },
      "IMAGE_URL": {
        "LABEL": "Image URL",
        "PLACEHOLDER": "Enter image URL"
      },
      "NAME": {
        "LABEL": "Name",
        "PLACEHOLDER": "Enter name"
      },
      "PARENT": {
        "LABEL": "Parent ID",
        "PLACEHOLDER": "Enter parent ID"
      },
      "PASSWORD": {
        "LABEL": "Password",
        "PLACEHOLDER": "Enter password"
      },
      "RANGE_END": {
        "LABEL": "End",
        "PLACEHOLDER": "Enter range end year"
      },
      "RANGE_START": {
        "LABEL": "Start",
        "PLACEHOLDER": "Enter range start year"
      },
      "SURNAME": {
        "LABEL": "Surname",
        "PLACEHOLDER": "Enter surname"
      },
      "TRANSLATION_KEY": {
        "LABEL": "Translation key",
        "PLACEHOLDER": "Enter translation key"
      },
      "TYPE": {
        "LABEL": "Type",
        "PLACEHOLDER": "Enter type"
      },
      "USERNAME": {
        "LABEL": "Username",
        "PLACEHOLDER": "Enter username"
      }
    }
  },
  "ENTITY_TYPES": {
    "AUTONOMOUS_CITY": "Autonomous City",
    "AUTONOMOUS_COMMUNITY": "Autonomous Community",
    "AUTONOMOUS_ISLAND": "Autonomous Island",
    "AUTONOMOUS_REGION": "Autonomous Region",
    "AUTONOMOUS_TERRITORY": "Autonomous Territory",
    "CITY": "City",
    "COMMUNITY": "Community",
    "CONSTITUENT_COUNTRY": "Constituent Country",
    "CONSTITUENT_PART": "Constituent Part",
    "CONTINENT": "Continent",
    "COUNTRY": "Country",
    "DEPARTMENT": "Department",
    "DEPENDENT_TERRITORY": "Dependent Territory",
    "INTERGOVERNMENTAL_ORGANIZATION": "Intergovernmental Organization",
    "ISLAND_STATE": "Island State",
    "MUNICIPALITY": "Municipality",
    "NON_GOVERNMENTAL_ORGANIZATION": "Non-governmental Organization",
    "OVERSEAS_COLLECTIVITY": "Overseas Collectivity",
    "OVERSEAS_DEPARTMENT": "Overseas Department",
    "OVERSEAS_STATE_PRIVATE_PROPERTY": "Overseas State Private Property",
    "OVERSEAS_TERRITORY": "Overseas Territory",
    "PROVINCE": "Province",
    "REGIONAL_STATE": "Regional State",
    "SPECIAL_ADMINISTRATIVE_DIVISION": "Special Administrative Division",
    "SPECIAL_ADMINISTRATIVE_REGION": "Special Administrative Region",
    "SPECIAL_MUNICIPALITY": "Special Municipality",
    "SPECIAL_TERRITORY": "Special Territory",
    "SPECIALIZED_AGENCY": "Specialized Agency",
    "STATE": "State",
    "TOWN": "Town",
    "UNINCORPORATED_TERRITORY": "Unincorporated Territory",
    "VILLAGE": "Village"
  },
  "ENTITIES": {
    "AA_EN_HUNZE": "Aa en Hunze",
    "AALTEN": "Aalten",
    "ACHTKARSPELEN": "Achtkarspelen",
    "AENGWIRDEN": "Aengwirden",
    "AFAR": "Afar",
    "AFGHANISTAN": "Afghanistan",
    "AFRICA": "Africa",
    "AKMARIJP": "Akmarijp",
    "ALABAMA": "Alabama",
    "ALAND": "Åland",
    "ALASKA": "Alaska",
    "ALBANIA": "Albania",
    "ALBLASSERDAM": "Alblasserdam",
    "ALBRANDSWAARD": "Albrandswaard",
    "ALGERIA": "Algeria",
    "ALMERE": "Almere",
    "ALPHEN_AAN_DEN_RIJN": "Alphen aan den Rijn",
    "ALPHEN_CHAAM": "Alphen-Chaam",
    "ALTENA": "Altena",
    "AMELAND": "Ameland",
    "AMERICAN_SAMOA": "American Samoa",
    "AMHARA": "Amhara",
    "ANDORRA": "Andorra",
    "ANGOLA": "Angola",
    "ANGUILLA": "Anguilla",
    "ANJOUAN": "Anjouan",
    "ANTARCTICA": "Antarctica",
    "ANTIGUA_AND_BARBUDA": "Antigua and Barbuda",
    "APELDOORN": "Apeldoorn",
    "ARGENTINA": "Argentina",
    "ARIZONA": "Arizona",
    "ARKANSAS": "Arkansas",
    "ARMENIA": "Armenia",
    "ARNHEM": "Arnhem",
    "ARUBA": "Aruba",
    "ASCENSION_ISLAND": "Ascension Island",
    "ASIA": "Asia",
    "ASSEN": "Assen",
    "ASTEN": "Asten",
    "AUSTRALIA": "Australia",
    "AUSTRIA": "Austria",
    "AUSTRIAN_EMPIRE": "Austrian Empire",
    "AZERBAIJAN": "Azerbaijan",
    "BAARDERADIEL": "Baarderadiel",
    "BAARLE_NASSAU": "Baarle-Nassau",
    "BAHAMAS": "Bahamas",
    "BAHRAIN": "Bahrain",
    "BAKHUIZEN": "Bakhuizen",
    "BALK": "Balk",
    "BANGLADESH": "Bangladesh",
    "BANTEGA": "Bantega",
    "BARBADOS": "Barbados",
    "BARENDRECHT": "Barendrecht",
    "BARNEVELD": "Barneveld",
    "BARRADIEL": "Barradiel",
    "BELARUS": "Belarus",
    "BELGIUM": "Belgium",
    "BELIZE": "Belize",
    "BENIN": "Benin",
    "BENISHANGUL_GUMUZ": "Benishangul-Gumuz",
    "BERG_EN_DAL": "Berg en Dal",
    "BERGEIJK": "Bergeijk",
    "BERGEN_OP_ZOOM": "Bergen op Zoom",
    "BERKELLAND": "Berkelland",
    "BERMUDA": "Bermuda",
    "BERNHEZE": "Bernheze",
    "BEST": "Best",
    "BEUNINGEN": "Beuningen",
    "BHUTAN": "Bhutan",
    "BLADEL": "Bladel",
    "BOARNSTERHIM": "Boarnsterhim",
    "BODEGRAVEN": "Bodegraven",
    "BODEGRAVEN_REEUWIJK": "Bodegraven-Reeuwijk",
    "BOEKEL": "Boekel",
    "BOLIVIA": "Bolivia",
    "BOLSWARD": "Bolsward",
    "BONAIRE": "Bonaire",
    "BOORNZWAAG": "Boornzwaag",
    "BORGER_ODOORN": "Borger-Odoorn",
    "BOSNIA_AND_HERZEGOVINA": "Bosnia and Herzegovina",
    "BOTSWANA": "Botswana",
    "BOUVET_ISLAND": "Bouvet Island",
    "BOXMEER": "Boxmeer",
    "BOXTEL": "Boxtel",
    "BRAZIL": "Brazil",
    "BREDA": "Breda",
    "BRIELLE": "Brielle",
    "BRITISH_INDIAN_OCEAN_TERRITORY": "British Indian Ocean Territory",
    "BRITISH_VIRGIN_ISLANDS": "British Virgin Islands",
    "BROEK": "Broek",
    "BRONCKHORST": "Bronckhorst",
    "BRUMMEN": "Brummen",
    "BRUNEI_DARUSSALAM": "Brunei Darussalam",
    "BULGARIA": "Bulgaria",
    "BUREN": "Buren",
    "BURKINA_FASO": "Burkina Faso",
    "BURUNDI": "Burundi",
    "CALIFORNIA": "California",
    "CAMBODIA": "Cambodia",
    "CAMEROON": "Cameroon",
    "CANADA": "Canada",
    "CANARY_ISLANDS": "Canary Islands",
    "CAPE_VERDE": "Cape Verde",
    "CAPELLE_AAN_DEN_IJSSEL": "Capelle aan den IJssel",
    "CAYMAN_ISLANDS": "Cayman Islands",
    "CENTRAL_AFRICAN_REPUBLIC": "Central African Republic",
    "CEUTA": "Ceuta",
    "CHAD": "Chad",
    "CHILE": "Chile",
    "CHINA": "China",
    "CHRISTMAS_ISLAND": "Christmas Island",
    "CLIPPERTON_ISLAND": "Clipperton Island",
    "COCOS_KEELING_ISLANDS": "Cocos (Keeling) Islands",
    "COEVORDEN": "Coevorden",
    "COLOMBIA": "Colombia",
    "COLORADO": "Colorado",
    "COMOROS": "Comoros",
    "CONGO": "Congo",
    "CONGO_DR": "Congo, the Democratic Republic of the",
    "CONNECTICUT": "Connecticut",
    "COOK_ISLANDS": "Cook Islands",
    "COSTA_RICA": "Costa Rica",
    "COTE_D_IVOIRE": "Côte d'Ivoire",
    "CRANENDONCK": "Cranendonck",
    "CROATIA": "Croatia",
    "CUBA": "Cuba",
    "CUIJK": "Cuijk",
    "CULEMBORG": "Culemborg",
    "CURACAO": "Curaçao",
    "CYPRUS": "Cyprus",
    "CZECHIA": "Czechia",
    "DAHOMEY": "Dahomey",
    "DANTUMADEEL": "Dantumadeel",
    "DE_FRYSKE_MARREN": "De Fryske Marren",
    "DE_WESTEREEN": "De Westereen",
    "DE_WOLDEN": "De Wolden",
    "DELAWARE": "Delaware",
    "DELFSTRAHUIZEN": "Delfstrahuizen",
    "DELFT": "Delft",
    "DEN_HAAG": "Den Haag",
    "DENMARK": "Denmark",
    "DEURNE": "Deurne",
    "DIJKEN": "Dijken",
    "DJIBOUTI": "Djibouti",
    "DOESBURG": "Doesburg",
    "DOETINCHEM": "Doetinchem",
    "DOKKUM": "Dokkum",
    "DOMINICA": "Dominica",
    "DOMINICAN_REPUBLIC": "Dominican Republic",
    "DONGEN": "Dongen",
    "DONGERADEEL": "Dongeradeel",
    "DONIAGA": "Doniaga",
    "DONIAWERSTAL": "Doniawerstal",
    "DORDRECHT": "Dordrecht",
    "DRENTHE": "Drenthe",
    "DRIMMELEN": "Drimmelen",
    "DRONTEN": "Dronten",
    "DRUTEN": "Druten",
    "DRYLTS": "Drylts",
    "DUIVEN": "Duiven",
    "EAST_DONGERADIEL": "East-Dongeradiel",
    "EAST_TIMOR": "East Timor",
    "EASTER_ISLAND": "Easter Island",
    "ECHTEN": "Echten",
    "ECHTENERBRUG": "Echtenerbrug",
    "ECUADOR": "Ecuador",
    "EDE": "Ede",
    "EERSEL": "Eersel",
    "EESTERGA": "Eesterga",
    "EGYPT": "Egypt",
    "EINDHOVEN": "Eindhoven",
    "EL_SALVADOR": "El Salvador",
    "ELAHUIZEN": "Elahuizen",
    "ELBURG": "Elburg",
    "EMMEN": "Emmen",
    "ENGLAND": "England",
    "EPE": "Epe",
    "EQUATORIAL_GUINEA": "Equatorial Guinea",
    "ERITREA": "Eritrea",
    "ERMELO": "Ermelo",
    "ESTONIA": "Estonia",
    "ESWATINI": "Eswatini",
    "ETHIOPIA": "Ethiopia",
    "ETTEN_LEUR": "Etten-Leur",
    "EUROPE": "Europe",
    "FALKLAND_ISLANDS": "Falkland Islands",
    "FAROE_ISLANDS": "Faroe Islands",
    "FEDERAL_DEPENDENCIES_OF_VENEZUELA": "Federal Dependencies of Venezuela",
    "FERWERDERADIEL": "Ferwerderadiel",
    "FIJI": "Fiji",
    "FINLAND": "Finland",
    "FLEVOLAND": "Flevoland",
    "FLORIDA": "Florida",
    "FOLLEGA": "Follega",
    "FRANCE": "France",
    "FRENCH_GUIANA": "French Guiana",
    "FRENCH_POLYNESIA": "French Polynesia",
    "FRENCH_SOUTHERN_TERRITORIES": "French Southern Territories",
    "FRIESLAND": "Friesland",
    "FRJENTSJERTERADIEL": "Frjentsjerteradiel",
    "FRJENTSJER": "Frjentsjer",
    "GAASTERLAN_SLEAT": "Gaasterlân-Sleat",
    "GABON": "Gabon",
    "GALAPAGOS": "Galápagos",
    "GAMBELA": "Gambela",
    "GAMBIA": "Gambia",
    "GEERTRUIDENBERG": "Geertruidenberg",
    "GELDERLAND": "Gelderland",
    "GELDROP_MIERLO": "Geldrop-Mierlo",
    "GEMERT_BAKEL": "Gemert-Bakel",
    "GEORGIA": "Georgia",
    "GERMANY": "Germany",
    "GHANA": "Ghana",
    "GIBRALTAR": "Gibraltar",
    "GOEREE_OVERFLAKKEE": "Goeree-Overflakkee",
    "GOINGARIJP": "Goingarijp",
    "GORINCHEM": "Gorinchem",
    "GOUDA": "Gouda",
    "GRANDE_COMORE": "Grande Comore",
    "GRAVE": "Grave",
    "GREAT_BRITAIN": "Great Britain",
    "GREECE": "Greece",
    "GREENLAND": "Greenland",
    "GRENADA": "Grenada",
    "GRONINGEN": "Groningen",
    "GUADELOUPE": "Guadeloupe",
    "GUAM": "Guam",
    "GUATEMALA": "Guatemala",
    "GUERNSEY": "Guernsey",
    "GUINEA": "Guinea",
    "GUINEA_BISSAU": "Guinea-Bissau",
    "GUYANA": "Guyana",
    "HAITI": "Haiti",
    "HARARI": "Harari",
    "HARDERWIJK": "Harderwijk",
    "HARDINXVELD_GIESSENDAM": "Hardinxveld-Giessendam",
    "HARICH": "Harich",
    "HARLINGEN": "Harlingen",
    "HASKERHORNE": "Haskerhorne",
    "HASKERLAN": "Haskerlân",
    "HATTEM": "Hattem",
    "HAWAII": "Hawaii",
    "HEARD_ISLAND_AND_MCDONALD_ISLANDS": "Heard Island and McDonald Islands",
    "HEERDE": "Heerde",
    "HEERENVEEN": "Heerenveen",
    "HELLEVOETSLUIS": "Hellevoetsluis",
    "HENDRIK_IDO_AMBACHT": "Hendrik-Ido-Ambacht",
    "HET_BILDT": "Het Bildt",
    "HEUMEN": "Heumen",
    "HILLEGOM": "Hillegom",
    "HIMMELUMER_ALDEFURD": "Himmelumer Aldefurd",
    "HINNAARDERADIEL": "Hinnaarderadiel",
    "HOEKSCHE_WAARD": "Hoeksche Waard",
    "HONDURAS": "Honduras",
    "HONG_KONG": "Hong Kong",
    "HOOGEVEEN": "Hoogeveen",
    "HUNGARY": "Hungary",
    "HYLPEN": "Hylpen",
    "ICELAND": "Iceland",
    "IDAARDERADIEL": "Idaarderadiel",
    "IDAHO": "Idaho",
    "IDSKENHUIZEN": "Idskenhuizen",
    "ILLINOIS": "Illinois",
    "INCA_EMPIRE": "Inca Empire",
    "INDIA": "India",
    "INDIANA": "Indiana",
    "INDONESIA": "Indonesia",
    "INTERNATIONAL": "International",
    "IOC": "International Olympic Committee",
    "IOWA": "Iowa",
    "IPC": "International Paralympic Committee",
    "IRAN": "Iran",
    "IRAQ": "Iraq",
    "IRELAND": "Ireland",
    "ISLE_OF_MAN": "Isle of Man",
    "ISRAEL": "Israel",
    "ITALY": "Italy",
    "JAMAICA": "Jamaica",
    "JAPAN": "Japan",
    "JERSEY": "Jersey",
    "JORDAN": "Jordan",
    "JOURE": "Joure",
    "KAAG_EN_BRAASSEM": "Kaag en Braassem",
    "KANSAS": "Kansas",
    "KATWIJK": "Katwijk",
    "KAZAKHSTAN": "Kazakhstan",
    "KENTUCKY": "Kentucky",
    "KENYA": "Kenya",
    "KINGDOM_OF_ITALY": "Kingdom of Italy",
    "KINGDOM_OF_THE_NETHERLANDS": "Kingdom of the Netherlands",
    "KIRIBATI": "Kiribati",
    "KOLDERWOLDE": "Kolderwolde",
    "KOLLUMERLAND_EN_NIEUWKRUISLAND": "Kollumerland en Nieuwkruisland",
    "KOSOVO": "Kosovo",
    "KOUDUM": "Koudum",
    "KRIMPEN_AAN_DEN_IJSSEL": "Krimpen aan den IJssel",
    "KRIMPENERWAARD": "Krimpenerwaard",
    "KUWAIT": "Kuwait",
    "KYRGYZSTAN": "Kyrgyzstan",
    "LANDERD": "Landerd",
    "LANGWEER": "Langweer",
    "LANSINGERLAND": "Lansingerland",
    "LAOS": "Laos",
    "LATVIA": "Latvia",
    "LEBANON": "Lebanon",
    "LEEUWARDEN": "Leeuwarden",
    "LEGEMEER": "Legemeer",
    "LEIDEN": "Leiden",
    "LEIDERDORP": "Leiderdorp",
    "LEIDSCHENDAM_VOORBURG": "Leidschendam-Voorburg",
    "LELYSTAD": "Lelystad",
    "LEMMER": "Lemmer",
    "LEMSTERLAN": "Lemsterlân",
    "LESOTHO": "Lesotho",
    "LGBT": "LGBT community",
    "LIBERIA": "Liberia",
    "LIBYA": "Libya",
    "LIECHTENSTEIN": "Liechtenstein",
    "LIMBURG": "Limburg",
    "LINGEWAARD": "Lingewaard",
    "LISSE": "Lisse",
    "LITHUANIA": "Lithuania",
    "LITTENSERADIEL": "Littenseradiel",
    "LJOUWERTERADIEL": "Ljouwerteradiel",
    "LOCHEM": "Lochem",
    "LOUISIANA": "Louisiana",
    "LUXEMBOURG": "Luxembourg",
    "MAASDRIEL": "Maasdriel",
    "MAASSLUIS": "Maassluis",
    "MACAU": "Macau",
    "MADAGASCAR": "Madagascar",
    "MADEIRA": "Madeira",
    "MAINE": "Maine",
    "MALAWI": "Malawi",
    "MALAYSIA": "Malaysia",
    "MALDIVES": "Maldives",
    "MALI": "Mali",
    "MALTA": "Malta",
    "MARSHALL_ISLANDS": "Marshall Islands",
    "MARTINIQUE": "Martinique",
    "MARYLAND": "Maryland",
    "MASSACHUSETTS": "Massachusetts",
    "MAURITANIA": "Mauritania",
    "MAURITIUS": "Mauritius",
    "MAYOTTE": "Mayotte",
    "MELILLA": "Melilla",
    "MENALDUMADIEL": "Menaldumadiel",
    "MEPPEL": "Meppel",
    "MEXICO": "Mexico",
    "MICHIGAN": "Michigan",
    "MICRONESIA": "Micronesia, Federated States of",
    "MIDDEN_DELFLAND": "Midden-Delfland",
    "MIDDEN_DRENTHE": "Midden-Drenthe",
    "MINNESOTA": "Minnesota",
    "MIRNS": "Mirns",
    "MISCELLANEOUS": "Miscellaneous",
    "MISSISSIPPI": "Mississippi",
    "MISSOURI": "Missouri",
    "MOHELI": "Mohéli",
    "MOLDOVA": "Moldova",
    "MOLENLANDEN": "Molenlanden",
    "MONACO": "Monaco",
    "MONGOLIA": "Mongolia",
    "MONTANA": "Montana",
    "MONTENEGRO": "Montenegro",
    "MONTFERLAND": "Montferland",
    "MONTSERRAT": "Montserrat",
    "MOROCCO": "Morocco",
    "MOZAMBIQUE": "Mozambique",
    "MYANMAR": "Myanmar",
    "NAMIBIA": "Namibia",
    "NAURU": "Nauru",
    "NEBRASKA": "Nebraska",
    "NEDER_BETUWE": "Neder-Betuwe",
    "NEPAL": "Nepal",
    "NETHERLANDS": "Netherlands",
    "NETHERLANDS_ANTILLES": "Netherlands Antilles",
    "NEVADA": "Nevada",
    "NEW_CALEDONIA": "New Caledonia",
    "NEW_HAMPSHIRE": "New Hampshire",
    "NEW_JERSEY": "New Jersey",
    "NEW_MEXICO": "New Mexico",
    "NEW_YORK": "New York",
    "NEW_ZEALAND": "New Zealand",
    "NICARAGUA": "Nicaragua",
    "NIEUWKOOP": "Nieuwkoop",
    "NIGER": "Niger",
    "NIGERIA": "Nigeria",
    "NIJEFURD": "Nijefurd",
    "NIJEHASKE": "Nijehaske",
    "NIJEMIRDUM": "Nijemirdum",
    "NIJKERK": "Nijkerk",
    "NIJMEGEN": "Nijmegen",
    "NISSEWAARD": "Nissewaard",
    "NIUE": "Niue",
    "NOARDEAST_FRYSLAN": "Noardeast-Fryslân",
    "NON_BINARY": "Non-binary community",
    "NOORD_BRABANT": "Noord-Brabant",
    "NOORD_HOLLAND": "Noord-Holland",
    "NOORDENVELD": "Noordenveld",
    "NOORDOOSTPOLDER": "Noordoostpolder",
    "NOORDWIJK": "Noordwijk",
    "NOORDWOLDE": "Noordwolde",
    "NORFOLK_ISLAND": "Norfolk Island",
    "NORTH_AMERICA": "North America",
    "NORTH_CAROLINA": "North Carolina",
    "NORTH_DAKOTA": "North Dakota",
    "NORTH_KOREA": "North Korea",
    "NORTH_MACEDONIA": "North Macedonia",
    "NORTHERN_IRELAND": "Northern Ireland",
    "NORTHERN_MARIANA_ISLANDS": "Northern Mariana Islands",
    "NORWAY": "Norway",
    "NUEVA_ESPARTA": "Nueva Esparta",
    "NUNSPEET": "Nunspeet",
    "OEGSTGEEST": "Oegstgeest",
    "OHIO": "Ohio",
    "OKLAHOMA": "Oklahoma",
    "OLDEBROEK": "Oldebroek",
    "OLDEOUWER": "Oldeouwer",
    "OMAN": "Oman",
    "OOST_GELRE": "Oost Gelre",
    "OOSTERZEE": "Oosterzee",
    "OOSTSTELLINGWERF": "Ooststellingwerf",
    "OPSTERLAND": "Opsterland",
    "OREGON": "Oregon",
    "OROMIA": "Oromia",
    "OUDE_IJSSELSTREEK": "Oude IJsselstreek",
    "OUDEGA": "Oudega",
    "OUDEHASKE": "Oudehaske",
    "OUDEMIRDUM": "Oudemirdum",
    "OUWSTER_NIJEGA": "Ouwster-Nijega",
    "OUWSTERHAULE": "Ouwsterhaule",
    "OVERBETUWE": "Overbetuwe",
    "OVERIJSSEL": "Overijssel",
    "PAKISTAN": "Pakistan",
    "PALAU": "Palau",
    "PALESTINE": "Palestine",
    "PANAMA": "Panama",
    "PANSEXUAL": "Pansexual community",
    "PAPENDRECHT": "Papendrecht",
    "PAPUA_NEW_GUINEA": "Papua New Guinea",
    "PARAGUAY": "Paraguay",
    "PENNSYLVANIA": "Pennsylvania",
    "PERU": "Peru",
    "PHILIPPINES": "Philippines",
    "PIJNACKER_NOOTDORP": "Pijnacker-Nootdorp",
    "PITCAIRN_ISLANDS": "Pitcairn Islands",
    "POLAND": "Poland",
    "PORTUGAL": "Portugal",
    "PUERTO_RICO": "Puerto Rico",
    "PUTTEN": "Putten",
    "QATAR": "Qatar",
    "RAARDERHIM": "Raarderhim",
    "RENKUM": "Renkum",
    "REUNION": "Réunion",
    "RHEDEN": "Rheden",
    "RHODE_ISLAND": "Rhode Island",
    "RIDDERKERK": "Ridderkerk",
    "RIJS": "Rijs",
    "RIJSWIJK": "Rijswijk",
    "ROHEL": "Rohel",
    "ROMANIA": "Romania",
    "ROTSTERGAAST": "Rotstergaast",
    "ROTSTERHAULE": "Rotsterhaule",
    "ROTTERDAM": "Rotterdam",
    "ROTTUM": "Rottum",
    "ROZENDAAL": "Rozendaal",
    "RUIGAHUIZEN": "Ruigahuizen",
    "RUSSIA": "Russia",
    "RWANDA": "Rwanda",
    "S_GRAVENHAGE": "'s-Gravenhage",
    "S_HERTOGENBOSCH": "'s-Hertogenbosch",
    "SABA": "Saba",
    "SAHRAWI_ARAB_DEMOCRATIC_REPUBLIC": "Sahrawi Arab Democratic Republic",
    "SAINT_BARTHELEMY": "Saint Barthélemy",
    "SAINT_EUSTATIUS": "Saint Eustatius",
    "SAINT_HELENA": "Saint Helena",
    "SAINT_HELENA_ASCENSION_AND_TRISTAN_DA_CUNHA": "Saint Helena, Ascension and Tristan da Cunha",
    "SAINT_KITTS_AND_NEVIS": "Saint Kitts and Nevis",
    "SAINT_LUCIA": "Saint Lucia",
    "SAINT_MARTIN": "Saint Martin",
    "SAINT_PIERRE_AND_MIQUELON": "Saint Pierre and Miquelon",
    "SAINT_VINCENT_AND_THE_GRENADINES": "Saint Vincent and the Grenadines",
    "SAMOA": "Samoa",
    "SAN_ANDRES_AND_PROVIDENCIA": "San Andrés and Providencia",
    "SAN_MARINO": "San Marino",
    "SAO_TOME_AND_PRINCIPE": "São Tomé and Príncipe",
    "SAUDI_ARABIA": "Saudi Arabia",
    "SCHARSTERBRUG": "Scharsterbrug",
    "SCHERPENZEEL": "Scherpenzeel",
    "SCHIEDAM": "Schiedam",
    "SCHIERMONNIKOOG": "Schiermonnikoog",
    "SCOTLAND": "Scotland",
    "SENEGAL": "Senegal",
    "SERBIA": "Serbia",
    "SEYCHELLES": "Seychelles",
    "SIDAMA": "Sidama",
    "SIERRA_LEONE": "Sierra Leone",
    "SINGAPORE": "Singapore",
    "SINT_ANTHONIS": "Sint Anthonis",
    "SINT_EUSTATIUS": "Sint Eustatius",
    "SINT_MAARTEN": "Sint Maarten",
    "SINT_NICOLAASGA": "Sint Nicolaasga",
    "SINTJOHANNESGA": "Sintjohannesga",
    "SKARSTERLAN": "Skarsterlân",
    "SKOATTERLAN": "Skoatterlân",
    "SLIEDRECHT": "Sliedrecht",
    "SLOTEN": "Sloten",
    "SLOVAKIA": "Slovakia",
    "SLOVENIA": "Slovenia",
    "SMALLINGERLAND": "Smallingerland",
    "SNIKZWAAG": "Snikzwaag",
    "SNITS": "Snits",
    "SOLOMON_ISLANDS": "Solomon Islands",
    "SOMALI": "Somali",
    "SOMALIA": "Somalia",
    "SOMALILAND": "Somaliland",
    "SONDEL": "Sondel",
    "SOUTH_AFRICA": "South Africa",
    "SOUTH_AMERICA": "South America",
    "SOUTH_CAROLINA": "South Carolina",
    "SOUTH_DAKOTA": "South Dakota",
    "SOUTH_ETHIOPIA": "South Ethiopia",
    "SOUTH_GEORGIA_AND_THE_SOUTH_SANDWICH_ISLANDS": "South Georgia and the South Sandwich Islands",
    "SOUTH_KOREA": "South Korea",
    "SOUTH_SUDAN": "South Sudan",
    "SOUTH_WEST_ETHIOPIA_PEOPLES_REGION": "South West Ethiopia Peoples' Region",
    "SOVIET_UNION": "Soviet Union",
    "SPAIN": "Spain",
    "SRI_LANKA": "Sri Lanka",
    "STAVEREN": "Staveren",
    "SUDAN": "Sudan",
    "SUDWEST_FRYSLAN": "Súdwest Fryslân",
    "SURINAME": "Suriname",
    "SWAZILAND": "Swaziland",
    "SWEDEN": "Sweden",
    "SWITZERLAND": "Switzerland",
    "SYRIA": "Syria",
    "SVALBARD_AND_JAN_MAYEN": "Svalbard and Jan Mayen",
    "TAIWAN": "Taiwan",
    "TAJIKISTAN": "Tajikistan",
    "TANZANIA": "Tanzania",
    "TENNESSEE": "Tennessee",
    "TERHERNE": "Terherne",
    "TERKAPLE": "Terkaple",
    "TEROELE": "Teroele",
    "TERSCHELLING": "Terschelling",
    "TEXAS": "Texas",
    "TEYLINGEN": "Teylingen",
    "THAILAND": "Thailand",
    "TIEL": "Tiel",
    "TIGRAY": "Tigray",
    "TJERKGAAST": "Tjerkgaast",
    "TJUM": "Tjum",
    "TOGO": "Togo",
    "TOKELAU": "Tokelau",
    "TONGA": "Tonga",
    "TRANSEXUAL": "Transsexual community",
    "TRINIDAD_AND_TOBAGO": "Trinidad and Tobago",
    "TRISTAN_DA_CUNHA": "Tristan da Cunha",
    "TUNISIA": "Tunisia",
    "TURKEY": "Turkey",
    "TURKMENISTAN": "Turkmenistan",
    "TURKS_AND_CAICOS_ISLANDS": "Turks and Caicos Islands",
    "TUVALU": "Tuvalu",
    "TYNAARLO": "Tynaarlo",
    "TYTSJERKSTERADIEL": "Tytsjerksteradiel",
    "UDEN": "Uden",
    "UGANDA": "Uganda",
    "UKRAINE": "Ukraine",
    "UNESCO": "UNESCO",
    "UNITED_ARAB_EMIRATES": "United Arab Emirates",
    "UNITED_NATIONS": "United Nations",
    "UNITED_STATES": "United States",
    "UNITED_STATES_MINOR_OUTLYING_ISLANDS": "United States Minor Outlying Islands",
    "URK": "Urk",
    "URUGUAY": "Uruguay",
    "US_VIRGIN_ISLANDS": "U.S. Virgin Islands",
    "UTAH": "Utah",
    "UTINGERADIEL": "Utingeradiel",
    "UTRECHT": "Utrecht",
    "UZBEKISTAN": "Uzbekistan",
    "VANUATU": "Vanuatu",
    "VATICAN_CITY": "Vatican City",
    "VEGELINSOORD": "Vegelinsoord",
    "VENEZUELA": "Venezuela",
    "VERMONT": "Vermont",
    "VIETNAM": "Vietnam",
    "VIRGINIA": "Virginia",
    "VLAARDINGEN": "Vlaardingen",
    "VLIELAND": "Vlieland",
    "VOORNE_AAN_ZEE": "Voorne aan Zee",
    "VOORSCHOTEN": "Voorschoten",
    "VOORST": "Voorst",
    "WAADHOEKE": "Waadhoeke",
    "WADDINXVEEN": "Waddinxveen",
    "WAGENINGEN": "Wageningen",
    "WALES": "Wales",
    "WALLIS_AND_FUTUNA": "Wallis and Futuna",
    "WASHINGTON": "Washington",
    "WASSENAAR": "Wassenaar",
    "WEST_BETUWE": "West Betuwe",
    "WEST_DONGERADIEL": "West-Dongeradiel",
    "WEST_MAAS_EN_WAAL": "West Maas en Waal",
    "WEST_VIRGINIA": "West Virginia",
    "WESTERVELD": "Westerveld",
    "WESTERVOORT": "Westervoort",
    "WESTLAND": "Westland",
    "WESTSTELLINGWERF": "Weststellingwerf",
    "WESTVOORNE": "Westvoorne",
    "WIJCHEN": "Wijchen",
    "WIJCKEL": "Wijckel",
    "WINTERSWIJK": "Winterswijk",
    "WISCONSIN": "Wisconsin",
    "WORKUM": "Workum",
    "WUNSERADIEL": "Wûnseradiel",
    "WYMBRITSERADIEL": "Wymbritseradiel",
    "WYOMING": "Wyoming",
    "YEMEN": "Yemen",
    "YUGOSLAVIA": "Yugoslavia",
    "ZAIRE": "Zaire",
    "ZALTBOMMEL": "Zaltbommel",
    "ZAMBIA": "Zambia",
    "ZEELAND": "Zeeland",
    "ZEEWOLDE": "Zeewolde",
    "ZEVENAAR": "Zevenaar",
    "ZIMBABWE": "Zimbabwe",
    "ZOETERMEER": "Zoetermeer",
    "ZOETERWOUDE": "Zoeterwoude",
    "ZUID_HOLLAND": "Zuid-Holland",
    "ZUIDPLAS": "Zuidplas",
    "ZUTPHEN": "Zutphen",
    "ZWIJNDRECHT": "Zwijndrecht",
    "ZWOLLE": "Zwolle",
    "GILZE_EN_RIJEN": "Gilze en Rijen",
    "GOIRLE": "Goirle",
    "HALDERBERGE": "Halderberge",
    "HEEZE_LEENDE": "Heeze-Leende",
    "HELMOND": "Helmond",
    "HEUSDEN": "Heusden",
    "HILVARENBEEK": "Hilvarenbeek",
    "LAARBEEK": "Laarbeek",
    "LAND_VAN_CUIJK": "Land van Cuijk",
    "LOON_OP_ZAND": "Loon op Zand",
    "MAASHORST": "Maashorst",
    "MEIERIJSTAD": "Meierijstad",
    "MOERDIJK": "Moerdijk",
    "NUENEN_GERWEN_EN_NEDERWETTEN": "Nuenen, Gerwen en Nederwetten",
    "OIRSCHOT": "Oirschot",
    "OISTERWIJK": "Oisterwijk",
    "OOSTERHOUT": "Oosterhout",
    "OSS": "Oss",
    "REUSEL_DE_MIERDEN": "Reusel-De Mierden",
    "ROOSENDAAL": "Roosendaal",
    "RUCPHEN": "Rucphen",
    "SINT_MICHIELSGESTEL": "Sint-Michielsgestel",
    "SOMEREN": "SOMEREN",
    "SON_EN_BREUGEL": "Son en Breugel",
    "STEENBERGEN": "Steenbergen",
    "TILBURG": "Tilburg",
    "VALKENSWAARD": "Valkenswaard",
    "VELDHOVEN": "Veldhoven",
    "VUGHT": "Vught",
    "WAALRE": "Waalre",
    "WAALWIJK": "Waalwijk",
    "WOENSDRECHT": "Woensdrecht",
    "ZUNDERT": "Zundert",
    "AALSMEER": "Aalsmeer",
    "ALKMAAR": "Alkmaar",
    "AMSTERDAM": "Amsterdam",
    "AMSTELVEEN": "Amstelveen",
    "BEEMSTER": "Beemster",
    "BERGEN": "Bergen",
    "BEVERWIJK": "Beverwijk",
    "BLARICUM": "Blaricum",
    "BLOEMENDAAL": "Bloemendaal",
    "CASTRICUM": "Castricum",
    "DEN_HELDER": "Den Helder",
    "DIEMEN": "Diemen",
    "DIJK_EN_WAARD": "Dijk en Waard",
    "DRECHTERLAND": "Drechterland",
    "ENKHUIZEN": "Enkhuizen",
    "EDAM_VOLENDAM": "Edam-Volendam",
    "GOOISE_MEREN": "Gooise Meren",
    "HAARLEM": "Haarlem",
    "HAARLEMMERMEER": "Haarlemmermeer",
    "HEEMSTEDE": "Heemstede",
    "HEEMSKERK": "Heemskerk",
    "HEERHUGOWAARD": "Heerhugowaard",
    "HEILOO": "Heiloo",
    "HILVERSUM": "Hilversum",
    "HOLLANDS_KROON": "Hollands Kroon",
    "HOORN": "Hoorn",
    "HUIZEN": "Huizen",
    "KOGGENLAND": "Koggenland",
    "LANDSMEER": "Landsmeer",
    "LANGEDIJK": "Langedijk",
    "LAREN": "Laren",
    "MEDEMBLIK": "Medemblik",
    "OUDER_AMSTEL": "Ouder-Amstel",
    "OOSTZAAN": "Oostzaan",
    "OPMEER": "Opmeer",
    "PURMEREND": "Purmerend",
    "SCHAGEN": "Schagen",
    "STEDE_BROEC": "Stede Broec",
    "TEXEL": "Texel",
    "UITGEEST": "Uitgeest",
    "UITHOORN": "Uithoorn",
    "VELSEN": "Velsen",
    "WATERLAND": "Waterland",
    "WEESP": "Weesp",
    "WIJDEMEREN": "Wijdemeren",
    "WORMERLAND": "Wormerland",
    "ZAANSTAD": "Zaanstad",
    "ZANDVOORT": "Zandvoort",
    "EEMSDELTA": "Eemsdelta",
    "HET_HOGELAND": "Het Hogeland",
    "MIDDEN_GRONINGEN": "Midden-Groningen",
    "OLDAMBT": "Oldambt",
    "PEKELA": "Pekela",
    "STADSKANAAL": "Stadskanaal",
    "VEENDAM": "Veendam",
    "WESTERKWARTIER": "Westerkwartier",
    "WESTERWOLDE": "Westerwolde",
    "BEEKDAELEN": "Beekdaelen",
    "BEEK": "Beek",
    "BEESEL": "Beesel",
    "BRUNSSUM": "Brunssum",
    "ECHT_SUSTEREN": "Echt-Susteren",
    "EIJSDEN_MARGRATEN": "Eijsden-Margraten",
    "GENNEP": "Gennep",
    "GULPEN_WITTEM": "Gulpen-Wittem",
    "HEERLEN": "Heerlen",
    "HORST_AAN_DE_MAAS": "Horst aan de Maas",
    "KERKRADE": "Kerkrade",
    "LANDGRAAF": "Landgraaf",
    "LEUDAL": "Leudal",
    "MAASGOUW": "Maasgouw",
    "MAASTRICHT": "Maastricht",
    "MEERSSEN": "Meerssen",
    "MOOK_EN_MIDDELAAR": "Mook en Middelaar",
    "NEDERWEERT": "Nederweert",
    "PEEL_EN_MAAS": "Peel en Maas",
    "ROERDALEN": "Roerdalen",
    "ROERMOND": "Roermond",
    "SIMPELVELD": "Simpelveld",
    "SITTARD_GELEEN": "Sittard-Geleen",
    "STEIN": "Stein",
    "VAALS": "Vaals",
    "VALKENBURG_AAN_DE_GEUL": "Valkenburg aan de Geul",
    "VENLO": "Venlo",
    "VENRAY": "Venray",
    "VOERENDAAL": "Voerendaal",
    "WEERT": "Weert"
  }
}